-- phpMyAdmin SQL Dump
-- version 4.3.11
-- http://www.phpmyadmin.net
--
-- Servidor: 127.0.0.1
-- Tiempo de generación: 25-07-2015 a las 06:02:33
-- Versión del servidor: 5.6.24
-- Versión de PHP: 5.6.8

SET SQL_MODE = "NO_AUTO_VALUE_ON_ZERO";
SET time_zone = "+00:00";


/*!40101 SET @OLD_CHARACTER_SET_CLIENT=@@CHARACTER_SET_CLIENT */;
/*!40101 SET @OLD_CHARACTER_SET_RESULTS=@@CHARACTER_SET_RESULTS */;
/*!40101 SET @OLD_COLLATION_CONNECTION=@@COLLATION_CONNECTION */;
/*!40101 SET NAMES utf8 */;

--
-- Base de datos: `mydb`
--

-- --------------------------------------------------------

--
-- Estructura de tabla para la tabla `autos`
--

CREATE TABLE IF NOT EXISTS `autos` (
  `id_auto` int(11) NOT NULL,
  `id_usuarios` int(11) NOT NULL,
  `id_taller` int(11) NOT NULL,
  `id_sucursales` int(11) NOT NULL,
  `auto_marca` varchar(50) NOT NULL,
  `auto_placa` varchar(10) NOT NULL,
  `auto_km` int(11) NOT NULL,
  `auto_logindate` date NOT NULL,
  `auto_id_lastwork` int(11) NOT NULL,
  `auto_datelastwork` date NOT NULL
) ENGINE=InnoDB AUTO_INCREMENT=23 DEFAULT CHARSET=utf8;

--
-- Volcado de datos para la tabla `autos`
--

INSERT INTO `autos` (`id_auto`, `id_usuarios`, `id_taller`, `id_sucursales`, `auto_marca`, `auto_placa`, `auto_km`, `auto_logindate`, `auto_id_lastwork`, `auto_datelastwork`) VALUES
(8, 92, 1, 1, 'dsaf', 'dasfdsaq', 3241321, '2015-07-16', 0, '0000-00-00'),
(18, 94, 1, 2, 'sadf', 'asdf', 3124, '0001-02-10', 0, '0000-00-00'),
(19, 92, 1, 2, 'chevrolet', 'poo375', 123, '0001-02-10', 0, '0000-00-00'),
(21, 93, 1, 2, 'fecha2', 'fecha2', 222, '2015-07-24', 0, '0000-00-00'),
(22, 96, 7, 8, 'Chekdask', 'est324', 13262, '2015-07-25', 0, '0000-00-00');

-- --------------------------------------------------------

--
-- Estructura de tabla para la tabla `ci_sessions`
--

CREATE TABLE IF NOT EXISTS `ci_sessions` (
  `id` varchar(40) NOT NULL,
  `ip_address` varchar(45) NOT NULL,
  `timestamp` int(10) unsigned NOT NULL DEFAULT '0',
  `data` blob NOT NULL
) ENGINE=InnoDB DEFAULT CHARSET=utf8;

--
-- Volcado de datos para la tabla `ci_sessions`
--

INSERT INTO `ci_sessions` (`id`, `ip_address`, `timestamp`, `data`) VALUES
('007a6a869770e6a384d48ccf3dc4d0d4e9820dfe', '::1', 1437794485, 0x5f5f63695f6c6173745f726567656e65726174657c693a313433373739343139303b746f6b656e7c733a33323a223230653638376335356533373138633133313237353264613636363163663737223b69735f6c6f677565645f696e7c623a313b69645f7573756172696f7c733a323a223836223b70657266696c7c733a363a22776f726b6572223b757365726e616d657c733a343a2275736572223b6e6f6d6272657c733a31333a226f74726f20656d706c6561646f223b69645f74616c6c65727c733a313a2231223b6e6f6d6272655f74616c6c65727c733a31303a2254616c6c657220537572223b636f6469676f5f74616c6c65727c733a343a2267656f31223b),
('036e6086a7c48f4688bec128fa24e6662c699a99', '::1', 1437778590, 0x5f5f63695f6c6173745f726567656e65726174657c693a313433373737383434313b746f6b656e7c733a33323a223230653638376335356533373138633133313237353264613636363163663737223b69735f6c6f677565645f696e7c623a313b69645f7573756172696f7c733a323a223836223b70657266696c7c733a363a22776f726b6572223b757365726e616d657c733a343a2275736572223b6e6f6d6272657c733a31333a226f74726f20656d706c6561646f223b69645f74616c6c65727c733a313a2231223b6e6f6d6272655f74616c6c65727c733a31303a2254616c6c657220537572223b636f6469676f5f74616c6c65727c733a343a2267656f31223b),
('06d843c07f900c9dd5cb4daaf8d2d01bc30c834e', '::1', 1437780381, 0x5f5f63695f6c6173745f726567656e65726174657c693a313433373738303131303b746f6b656e7c733a33323a223230653638376335356533373138633133313237353264613636363163663737223b69735f6c6f677565645f696e7c623a313b69645f7573756172696f7c733a323a223836223b70657266696c7c733a363a22776f726b6572223b757365726e616d657c733a343a2275736572223b6e6f6d6272657c733a31333a226f74726f20656d706c6561646f223b69645f74616c6c65727c733a313a2231223b6e6f6d6272655f74616c6c65727c733a31303a2254616c6c657220537572223b636f6469676f5f74616c6c65727c733a343a2267656f31223b),
('17c64ca8301d884e60b996534bb6516731dd3b18', '::1', 1437784850, 0x5f5f63695f6c6173745f726567656e65726174657c693a313433373738343635323b746f6b656e7c733a33323a223230653638376335356533373138633133313237353264613636363163663737223b69735f6c6f677565645f696e7c623a313b69645f7573756172696f7c733a323a223836223b70657266696c7c733a363a22776f726b6572223b757365726e616d657c733a343a2275736572223b6e6f6d6272657c733a31333a226f74726f20656d706c6561646f223b69645f74616c6c65727c733a313a2231223b6e6f6d6272655f74616c6c65727c733a31303a2254616c6c657220537572223b636f6469676f5f74616c6c65727c733a343a2267656f31223b),
('21b67d6fe138b800066e3fe59193a153c666f29b', '::1', 1437779383, 0x5f5f63695f6c6173745f726567656e65726174657c693a313433373737393131303b746f6b656e7c733a33323a223230653638376335356533373138633133313237353264613636363163663737223b69735f6c6f677565645f696e7c623a313b69645f7573756172696f7c733a323a223836223b70657266696c7c733a363a22776f726b6572223b757365726e616d657c733a343a2275736572223b6e6f6d6272657c733a31333a226f74726f20656d706c6561646f223b69645f74616c6c65727c733a313a2231223b6e6f6d6272655f74616c6c65727c733a31303a2254616c6c657220537572223b636f6469676f5f74616c6c65727c733a343a2267656f31223b),
('2d13bd0ffe1c6c9a9da263926cf50c42395f8475', '::1', 1437791924, 0x5f5f63695f6c6173745f726567656e65726174657c693a313433373739313632343b746f6b656e7c733a33323a223230653638376335356533373138633133313237353264613636363163663737223b69735f6c6f677565645f696e7c623a313b69645f7573756172696f7c733a323a223836223b70657266696c7c733a363a22776f726b6572223b757365726e616d657c733a343a2275736572223b6e6f6d6272657c733a31333a226f74726f20656d706c6561646f223b69645f74616c6c65727c733a313a2231223b6e6f6d6272655f74616c6c65727c733a31303a2254616c6c657220537572223b636f6469676f5f74616c6c65727c733a343a2267656f31223b),
('3ffdc1cd693375e64a8e9c3813a78216b0829ad3', '::1', 1437795563, 0x5f5f63695f6c6173745f726567656e65726174657c693a313433373739353236323b746f6b656e7c733a33323a223939613430656561346530623534643331353863626561366264626164356132223b69735f6c6f677565645f696e7c623a313b69645f7573756172696f7c733a323a223935223b70657266696c7c733a363a22776f726b6572223b757365726e616d657c733a363a2273696c766961223b6e6f6d6272657c733a363a2273696c766961223b69645f74616c6c65727c733a313a2237223b6e6f6d6272655f74616c6c65727c733a31353a2254616c6c657220436f6e6f636f746f223b636f6469676f5f74616c6c65727c733a343a22436f6e31223b),
('4addefc39541702c5e29f0c3c75e3292851d2e73', '::1', 1437790219, 0x5f5f63695f6c6173745f726567656e65726174657c693a313433373739303034303b746f6b656e7c733a33323a223230653638376335356533373138633133313237353264613636363163663737223b69735f6c6f677565645f696e7c623a313b69645f7573756172696f7c733a323a223836223b70657266696c7c733a363a22776f726b6572223b757365726e616d657c733a343a2275736572223b6e6f6d6272657c733a31333a226f74726f20656d706c6561646f223b69645f74616c6c65727c733a313a2231223b6e6f6d6272655f74616c6c65727c733a31303a2254616c6c657220537572223b636f6469676f5f74616c6c65727c733a343a2267656f31223b),
('4ca325ef99c767d1df64de1926160b0a430b9575', '::1', 1437780093, 0x5f5f63695f6c6173745f726567656e65726174657c693a313433373737393830393b746f6b656e7c733a33323a223230653638376335356533373138633133313237353264613636363163663737223b69735f6c6f677565645f696e7c623a313b69645f7573756172696f7c733a323a223836223b70657266696c7c733a363a22776f726b6572223b757365726e616d657c733a343a2275736572223b6e6f6d6272657c733a31333a226f74726f20656d706c6561646f223b69645f74616c6c65727c733a313a2231223b6e6f6d6272655f74616c6c65727c733a31303a2254616c6c657220537572223b636f6469676f5f74616c6c65727c733a343a2267656f31223b),
('60a572b14e64e5633e4748bb170797730f04cf51', '::1', 1437791602, 0x5f5f63695f6c6173745f726567656e65726174657c693a313433373739313330393b746f6b656e7c733a33323a223230653638376335356533373138633133313237353264613636363163663737223b69735f6c6f677565645f696e7c623a313b69645f7573756172696f7c733a323a223836223b70657266696c7c733a363a22776f726b6572223b757365726e616d657c733a343a2275736572223b6e6f6d6272657c733a31333a226f74726f20656d706c6561646f223b69645f74616c6c65727c733a313a2231223b6e6f6d6272655f74616c6c65727c733a31303a2254616c6c657220537572223b636f6469676f5f74616c6c65727c733a343a2267656f31223b),
('64f1383747fc3ac30f4056ee66a7bc1853efbb7c', '::1', 1437795015, 0x5f5f63695f6c6173745f726567656e65726174657c693a313433373739343932333b746f6b656e7c733a33323a223538623439623264383532643866343739303462363139333164626633623466223b69735f6c6f677565645f696e7c623a313b69645f7573756172696f7c733a313a2231223b70657266696c7c733a353a2261646d696e223b757365726e616d657c733a353a2261646d696e223b6e6f6d6272657c733a32313a2241646d696e6973747261646f722067656e6572616c223b69645f74616c6c65727c733a313a2234223b6e6f6d6272655f74616c6c65727c733a31313a2247656f436f6d6d65726365223b636f6469676f5f74616c6c65727c733a353a2261646d696e223b),
('66422d8940b482235deffaf3ca7a8c778ba2e3e7', '::1', 1437785230, 0x5f5f63695f6c6173745f726567656e65726174657c693a313433373738353035363b746f6b656e7c733a33323a223230653638376335356533373138633133313237353264613636363163663737223b69735f6c6f677565645f696e7c623a313b69645f7573756172696f7c733a323a223836223b70657266696c7c733a363a22776f726b6572223b757365726e616d657c733a343a2275736572223b6e6f6d6272657c733a31333a226f74726f20656d706c6561646f223b69645f74616c6c65727c733a313a2231223b6e6f6d6272655f74616c6c65727c733a31303a2254616c6c657220537572223b636f6469676f5f74616c6c65727c733a343a2267656f31223b),
('74b1cb5b1ae82430885251a6dae5084c806f25e4', '::1', 1437792822, 0x5f5f63695f6c6173745f726567656e65726174657c693a313433373739323537333b746f6b656e7c733a33323a223230653638376335356533373138633133313237353264613636363163663737223b69735f6c6f677565645f696e7c623a313b69645f7573756172696f7c733a323a223836223b70657266696c7c733a363a22776f726b6572223b757365726e616d657c733a343a2275736572223b6e6f6d6272657c733a31333a226f74726f20656d706c6561646f223b69645f74616c6c65727c733a313a2231223b6e6f6d6272655f74616c6c65727c733a31303a2254616c6c657220537572223b636f6469676f5f74616c6c65727c733a343a2267656f31223b),
('7cc0e46a88cc218e0285ff144070a17f1f858978', '::1', 1437777983, 0x5f5f63695f6c6173745f726567656e65726174657c693a313433373737373733343b746f6b656e7c733a33323a223230653638376335356533373138633133313237353264613636363163663737223b69735f6c6f677565645f696e7c623a313b69645f7573756172696f7c733a323a223836223b70657266696c7c733a363a22776f726b6572223b757365726e616d657c733a343a2275736572223b6e6f6d6272657c733a31333a226f74726f20656d706c6561646f223b69645f74616c6c65727c733a313a2231223b6e6f6d6272655f74616c6c65727c733a31303a2254616c6c657220537572223b636f6469676f5f74616c6c65727c733a343a2267656f31223b),
('7fff539a691baf9acdabd85162589e16ebe8902b', '::1', 1437783432, 0x5f5f63695f6c6173745f726567656e65726174657c693a313433373738333139363b746f6b656e7c733a33323a223230653638376335356533373138633133313237353264613636363163663737223b69735f6c6f677565645f696e7c623a313b69645f7573756172696f7c733a323a223836223b70657266696c7c733a363a22776f726b6572223b757365726e616d657c733a343a2275736572223b6e6f6d6272657c733a31333a226f74726f20656d706c6561646f223b69645f74616c6c65727c733a313a2231223b6e6f6d6272655f74616c6c65727c733a31303a2254616c6c657220537572223b636f6469676f5f74616c6c65727c733a343a2267656f31223b),
('80070ea3dcbaf47d846ed55ee4675e6788d351bd', '::1', 1437778491, 0x5f5f63695f6c6173745f726567656e65726174657c693a313433373737383439303b746f6b656e7c733a33323a223839346165343463636562353263393430643239616133613063386433626461223b69735f6c6f677565645f696e7c623a313b69645f7573756172696f7c733a313a2231223b70657266696c7c733a353a2261646d696e223b757365726e616d657c733a353a2261646d696e223b6e6f6d6272657c733a32313a2241646d696e6973747261646f722067656e6572616c223b69645f74616c6c65727c733a313a2234223b6e6f6d6272655f74616c6c65727c733a31313a2247656f436f6d6d65726365223b636f6469676f5f74616c6c65727c733a353a2261646d696e223b),
('8613b4015bfd1cc7ee3d1639fd4540679a554780', '::1', 1437794843, 0x5f5f63695f6c6173745f726567656e65726174657c693a313433373739343535303b746f6b656e7c733a33323a223230653638376335356533373138633133313237353264613636363163663737223b69735f6c6f677565645f696e7c623a313b69645f7573756172696f7c733a323a223836223b70657266696c7c733a363a22776f726b6572223b757365726e616d657c733a343a2275736572223b6e6f6d6272657c733a31333a226f74726f20656d706c6561646f223b69645f74616c6c65727c733a313a2231223b6e6f6d6272655f74616c6c65727c733a31303a2254616c6c657220537572223b636f6469676f5f74616c6c65727c733a343a2267656f31223b),
('905ed48c7382300b79aa8106551543fef101ea97', '::1', 1437779617, 0x5f5f63695f6c6173745f726567656e65726174657c693a313433373737393434323b746f6b656e7c733a33323a223230653638376335356533373138633133313237353264613636363163663737223b69735f6c6f677565645f696e7c623a313b69645f7573756172696f7c733a323a223836223b70657266696c7c733a363a22776f726b6572223b757365726e616d657c733a343a2275736572223b6e6f6d6272657c733a31333a226f74726f20656d706c6561646f223b69645f74616c6c65727c733a313a2231223b6e6f6d6272655f74616c6c65727c733a31303a2254616c6c657220537572223b636f6469676f5f74616c6c65727c733a343a2267656f31223b),
('95c10a30c3db08493cebcbc94aabe04ff8867156', '::1', 1437784651, 0x5f5f63695f6c6173745f726567656e65726174657c693a313433373738343335313b746f6b656e7c733a33323a223230653638376335356533373138633133313237353264613636363163663737223b69735f6c6f677565645f696e7c623a313b69645f7573756172696f7c733a323a223836223b70657266696c7c733a363a22776f726b6572223b757365726e616d657c733a343a2275736572223b6e6f6d6272657c733a31333a226f74726f20656d706c6561646f223b69645f74616c6c65727c733a313a2231223b6e6f6d6272655f74616c6c65727c733a31303a2254616c6c657220537572223b636f6469676f5f74616c6c65727c733a343a2267656f31223b),
('a42b98033bf1a64db7047cacddef3d3125d2cd42', '::1', 1437783747, 0x5f5f63695f6c6173745f726567656e65726174657c693a313433373738333534363b746f6b656e7c733a33323a223230653638376335356533373138633133313237353264613636363163663737223b69735f6c6f677565645f696e7c623a313b69645f7573756172696f7c733a323a223836223b70657266696c7c733a363a22776f726b6572223b757365726e616d657c733a343a2275736572223b6e6f6d6272657c733a31333a226f74726f20656d706c6561646f223b69645f74616c6c65727c733a313a2231223b6e6f6d6272655f74616c6c65727c733a31303a2254616c6c657220537572223b636f6469676f5f74616c6c65727c733a343a2267656f31223b),
('a68817d16c90fb1249fbc7e01915efafa28684c8', '::1', 1437795691, 0x5f5f63695f6c6173745f726567656e65726174657c693a313433373739353635383b746f6b656e7c733a33323a223563613764666332323233356333353864333431353737373536363436616465223b69735f6c6f677565645f696e7c623a313b69645f7573756172696f7c733a313a2231223b70657266696c7c733a353a2261646d696e223b757365726e616d657c733a353a2261646d696e223b6e6f6d6272657c733a32313a2241646d696e6973747261646f722067656e6572616c223b69645f74616c6c65727c733a313a2234223b6e6f6d6272655f74616c6c65727c733a31313a2247656f436f6d6d65726365223b636f6469676f5f74616c6c65727c733a353a2261646d696e223b),
('abc1da94231a96613ba091be99cdb103e9b22675', '::1', 1437780749, 0x5f5f63695f6c6173745f726567656e65726174657c693a313433373738303434333b746f6b656e7c733a33323a223230653638376335356533373138633133313237353264613636363163663737223b69735f6c6f677565645f696e7c623a313b69645f7573756172696f7c733a323a223836223b70657266696c7c733a363a22776f726b6572223b757365726e616d657c733a343a2275736572223b6e6f6d6272657c733a31333a226f74726f20656d706c6561646f223b69645f74616c6c65727c733a313a2231223b6e6f6d6272655f74616c6c65727c733a31303a2254616c6c657220537572223b636f6469676f5f74616c6c65727c733a343a2267656f31223b),
('ace2332bf203c813803da14eb2635b3ae32cb956', '::1', 1437776432, 0x5f5f63695f6c6173745f726567656e65726174657c693a313433373737363234363b746f6b656e7c733a33323a223230653638376335356533373138633133313237353264613636363163663737223b69735f6c6f677565645f696e7c623a313b69645f7573756172696f7c733a323a223836223b70657266696c7c733a363a22776f726b6572223b757365726e616d657c733a343a2275736572223b6e6f6d6272657c733a31333a226f74726f20656d706c6561646f223b69645f74616c6c65727c733a313a2231223b6e6f6d6272655f74616c6c65727c733a31303a2254616c6c657220537572223b636f6469676f5f74616c6c65727c733a343a2267656f31223b),
('ad527329dde406974be947ce5be7f1ff48838a4d', '::1', 1437782845, 0x5f5f63695f6c6173745f726567656e65726174657c693a313433373738323533383b746f6b656e7c733a33323a223230653638376335356533373138633133313237353264613636363163663737223b69735f6c6f677565645f696e7c623a313b69645f7573756172696f7c733a323a223836223b70657266696c7c733a363a22776f726b6572223b757365726e616d657c733a343a2275736572223b6e6f6d6272657c733a31333a226f74726f20656d706c6561646f223b69645f74616c6c65727c733a313a2231223b6e6f6d6272655f74616c6c65727c733a31303a2254616c6c657220537572223b636f6469676f5f74616c6c65727c733a343a2267656f31223b),
('ae5d4388b1451dfc43a9eb71e47bd218aa96cb3b', '::1', 1437779026, 0x5f5f63695f6c6173745f726567656e65726174657c693a313433373737383735343b746f6b656e7c733a33323a223230653638376335356533373138633133313237353264613636363163663737223b69735f6c6f677565645f696e7c623a313b69645f7573756172696f7c733a323a223836223b70657266696c7c733a363a22776f726b6572223b757365726e616d657c733a343a2275736572223b6e6f6d6272657c733a31333a226f74726f20656d706c6561646f223b69645f74616c6c65727c733a313a2231223b6e6f6d6272655f74616c6c65727c733a31303a2254616c6c657220537572223b636f6469676f5f74616c6c65727c733a343a2267656f31223b),
('bd73113679a5095e2f932d626b0a10654de04de3', '::1', 1437782448, 0x5f5f63695f6c6173745f726567656e65726174657c693a313433373738323230313b746f6b656e7c733a33323a223230653638376335356533373138633133313237353264613636363163663737223b69735f6c6f677565645f696e7c623a313b69645f7573756172696f7c733a323a223836223b70657266696c7c733a363a22776f726b6572223b757365726e616d657c733a343a2275736572223b6e6f6d6272657c733a31333a226f74726f20656d706c6561646f223b69645f74616c6c65727c733a313a2231223b6e6f6d6272655f74616c6c65727c733a31303a2254616c6c657220537572223b636f6469676f5f74616c6c65727c733a343a2267656f31223b),
('c19e9df449ca78192d2d81bf437aab29fd89de04', '::1', 1437780925, 0x5f5f63695f6c6173745f726567656e65726174657c693a313433373738303734393b746f6b656e7c733a33323a223230653638376335356533373138633133313237353264613636363163663737223b69735f6c6f677565645f696e7c623a313b69645f7573756172696f7c733a323a223836223b70657266696c7c733a363a22776f726b6572223b757365726e616d657c733a343a2275736572223b6e6f6d6272657c733a31333a226f74726f20656d706c6561646f223b69645f74616c6c65727c733a313a2231223b6e6f6d6272655f74616c6c65727c733a31303a2254616c6c657220537572223b636f6469676f5f74616c6c65727c733a343a2267656f31223b),
('c1f0fd7ea93da3f7e12c5490b8257f0877d90b30', '::1', 1437780574, 0x5f5f63695f6c6173745f726567656e65726174657c693a313433373738303536343b746f6b656e7c733a33323a223839346165343463636562353263393430643239616133613063386433626461223b69735f6c6f677565645f696e7c623a313b69645f7573756172696f7c733a313a2231223b70657266696c7c733a353a2261646d696e223b757365726e616d657c733a353a2261646d696e223b6e6f6d6272657c733a32313a2241646d696e6973747261646f722067656e6572616c223b69645f74616c6c65727c733a313a2234223b6e6f6d6272655f74616c6c65727c733a31313a2247656f436f6d6d65726365223b636f6469676f5f74616c6c65727c733a353a2261646d696e223b),
('c36815ab4ab36c6a71cb87c1e0104f3566974b22', '::1', 1437778094, 0x5f5f63695f6c6173745f726567656e65726174657c693a313433373737383039343b746f6b656e7c733a33323a223230653638376335356533373138633133313237353264613636363163663737223b69735f6c6f677565645f696e7c623a313b69645f7573756172696f7c733a323a223836223b70657266696c7c733a363a22776f726b6572223b757365726e616d657c733a343a2275736572223b6e6f6d6272657c733a31333a226f74726f20656d706c6561646f223b69645f74616c6c65727c733a313a2231223b6e6f6d6272655f74616c6c65727c733a31303a2254616c6c657220537572223b636f6469676f5f74616c6c65727c733a343a2267656f31223b),
('cbbd72043183400fcbb205719a09de3905fda05b', '::1', 1437782995, 0x5f5f63695f6c6173745f726567656e65726174657c693a313433373738323834353b746f6b656e7c733a33323a223230653638376335356533373138633133313237353264613636363163663737223b69735f6c6f677565645f696e7c623a313b69645f7573756172696f7c733a323a223836223b70657266696c7c733a363a22776f726b6572223b757365726e616d657c733a343a2275736572223b6e6f6d6272657c733a31333a226f74726f20656d706c6561646f223b69645f74616c6c65727c733a313a2231223b6e6f6d6272655f74616c6c65727c733a31303a2254616c6c657220537572223b636f6469676f5f74616c6c65727c733a343a2267656f31223b),
('d35aaf7d2f8e731ab586417bdb821cd78512bb7f', '::1', 1437780290, 0x5f5f63695f6c6173745f726567656e65726174657c693a313433373738303037313b746f6b656e7c733a33323a223839346165343463636562353263393430643239616133613063386433626461223b69735f6c6f677565645f696e7c623a313b69645f7573756172696f7c733a313a2231223b70657266696c7c733a353a2261646d696e223b757365726e616d657c733a353a2261646d696e223b6e6f6d6272657c733a32313a2241646d696e6973747261646f722067656e6572616c223b69645f74616c6c65727c733a313a2234223b6e6f6d6272655f74616c6c65727c733a31313a2247656f436f6d6d65726365223b636f6469676f5f74616c6c65727c733a353a2261646d696e223b),
('d8e1d77bf9458b598eeec942209d38ffea7a1e9a', '::1', 1437781785, 0x5f5f63695f6c6173745f726567656e65726174657c693a313433373738313738343b746f6b656e7c733a33323a223230653638376335356533373138633133313237353264613636363163663737223b69735f6c6f677565645f696e7c623a313b69645f7573756172696f7c733a323a223836223b70657266696c7c733a363a22776f726b6572223b757365726e616d657c733a343a2275736572223b6e6f6d6272657c733a31333a226f74726f20656d706c6561646f223b69645f74616c6c65727c733a313a2231223b6e6f6d6272655f74616c6c65727c733a31303a2254616c6c657220537572223b636f6469676f5f74616c6c65727c733a343a2267656f31223b),
('de418b0411b50004b318adf910fe614929ef5a6d', '::1', 1437778216, 0x5f5f63695f6c6173745f726567656e65726174657c693a313433373737383034313b746f6b656e7c733a33323a223839346165343463636562353263393430643239616133613063386433626461223b69735f6c6f677565645f696e7c623a313b69645f7573756172696f7c733a313a2231223b70657266696c7c733a353a2261646d696e223b757365726e616d657c733a353a2261646d696e223b6e6f6d6272657c733a32313a2241646d696e6973747261646f722067656e6572616c223b69645f74616c6c65727c733a313a2234223b6e6f6d6272655f74616c6c65727c733a31313a2247656f436f6d6d65726365223b636f6469676f5f74616c6c65727c733a353a2261646d696e223b),
('e63a9222287a4a817cf9fbe1a65289eee4440e28', '::1', 1437792207, 0x5f5f63695f6c6173745f726567656e65726174657c693a313433373739313932373b746f6b656e7c733a33323a223230653638376335356533373138633133313237353264613636363163663737223b69735f6c6f677565645f696e7c623a313b69645f7573756172696f7c733a323a223836223b70657266696c7c733a363a22776f726b6572223b757365726e616d657c733a343a2275736572223b6e6f6d6272657c733a31333a226f74726f20656d706c6561646f223b69645f74616c6c65727c733a313a2231223b6e6f6d6272655f74616c6c65727c733a31303a2254616c6c657220537572223b636f6469676f5f74616c6c65727c733a343a2267656f31223b),
('ec7ad23e179ea4f537db2cbb77e2e67b9d6f8380', '::1', 1437784045, 0x5f5f63695f6c6173745f726567656e65726174657c693a313433373738343034323b746f6b656e7c733a33323a223230653638376335356533373138633133313237353264613636363163663737223b69735f6c6f677565645f696e7c623a313b69645f7573756172696f7c733a323a223836223b70657266696c7c733a363a22776f726b6572223b757365726e616d657c733a343a2275736572223b6e6f6d6272657c733a31333a226f74726f20656d706c6561646f223b69645f74616c6c65727c733a313a2231223b6e6f6d6272655f74616c6c65727c733a31303a2254616c6c657220537572223b636f6469676f5f74616c6c65727c733a343a2267656f31223b),
('f8c497d73b0afdc264f5b8e026d75b9c854b1fcb', '::1', 1437792538, 0x5f5f63695f6c6173745f726567656e65726174657c693a313433373739323233383b746f6b656e7c733a33323a223230653638376335356533373138633133313237353264613636363163663737223b69735f6c6f677565645f696e7c623a313b69645f7573756172696f7c733a323a223836223b70657266696c7c733a363a22776f726b6572223b757365726e616d657c733a343a2275736572223b6e6f6d6272657c733a31333a226f74726f20656d706c6561646f223b69645f74616c6c65727c733a313a2231223b6e6f6d6272655f74616c6c65727c733a31303a2254616c6c657220537572223b636f6469676f5f74616c6c65727c733a343a2267656f31223b);

-- --------------------------------------------------------

--
-- Estructura de tabla para la tabla `estados`
--

CREATE TABLE IF NOT EXISTS `estados` (
  `id_estados` int(11) NOT NULL,
  `estado` varchar(30) NOT NULL,
  `comentarios` varchar(200) NOT NULL
) ENGINE=InnoDB AUTO_INCREMENT=5 DEFAULT CHARSET=utf8;

--
-- Volcado de datos para la tabla `estados`
--

INSERT INTO `estados` (`id_estados`, `estado`, `comentarios`) VALUES
(1, 'Pendiente', 'Este estado es cuando el trabajo queda grabado hasta que el cliente acepte.'),
(2, 'En ejecución', 'El trabajo está realizándose'),
(3, 'Finalizado', 'Se terminó el trabajo'),
(4, 'Cancelado', 'Cuando el trabajo se ha cancelado por parte del cliente o del taller');

-- --------------------------------------------------------

--
-- Estructura de tabla para la tabla `sucursales`
--

CREATE TABLE IF NOT EXISTS `sucursales` (
  `id_sucursales` int(11) NOT NULL,
  `id_taller` int(11) NOT NULL,
  `sucursal_nombre` varchar(45) NOT NULL,
  `sucursal_telefono` varchar(45) NOT NULL,
  `sucursal_info` text NOT NULL
) ENGINE=InnoDB AUTO_INCREMENT=9 DEFAULT CHARSET=utf8;

--
-- Volcado de datos para la tabla `sucursales`
--

INSERT INTO `sucursales` (`id_sucursales`, `id_taller`, `sucursal_nombre`, `sucursal_telefono`, `sucursal_info`) VALUES
(1, 1, 'Sur UNO', '02345393', '<p>\r\n	Sucursal UNO de TALLER UNO</p>\r\n'),
(2, 1, 'Sur DOS', '2932984', '<p>\r\n	Sucursal DOS de taller UNO</p>\r\n'),
(3, 2, 'Norte UNO', '2432234', '<p>\r\n	Sucursal UNO de taller DOS</p>\r\n'),
(4, 2, 'Norte DOS', '23242234', '<p>\r\n	Sucursal DOS de taller DOS</p>\r\n'),
(5, 5, 'Suc Cumb', '3214321', '<p>\r\n	Cumbaya sucursal</p>\r\n'),
(6, 3, 'Centro UIO', '12321', '<p>\r\n	dasf</p>\r\n'),
(7, 7, 'Conocoto', 'dasfas', '<p>\r\n	ddasfdsa</p>\r\n'),
(8, 7, 'Samgolqui', '341221', '<p>\r\n	dfasdfas</p>\r\n');

-- --------------------------------------------------------

--
-- Estructura de tabla para la tabla `talleres`
--

CREATE TABLE IF NOT EXISTS `talleres` (
  `id_taller` int(11) NOT NULL,
  `taller_nombre` varchar(45) NOT NULL,
  `taller_codigo` varchar(10) NOT NULL,
  `taller_info` varchar(200) NOT NULL
) ENGINE=InnoDB AUTO_INCREMENT=8 DEFAULT CHARSET=utf8;

--
-- Volcado de datos para la tabla `talleres`
--

INSERT INTO `talleres` (`id_taller`, `taller_nombre`, `taller_codigo`, `taller_info`) VALUES
(1, 'Taller Sur', 'geo1', 'Taller al sur de la ciudad'),
(2, 'Taller Norte', 'geo2', 'Taller al norte de la ciudad'),
(3, 'Taller Centro', 'geo3', 'Taller al centro de la ciudad.'),
(4, 'GeoCommerce', 'admin', 'Cuenta general de administración'),
(5, 'Taller Cumbayá', 'cumbaya', 'Taller en el valle de Cumbayá'),
(7, 'Taller Conocoto', 'Con1', 'Taller en conocoto');

-- --------------------------------------------------------

--
-- Estructura de tabla para la tabla `tasks`
--

CREATE TABLE IF NOT EXISTS `tasks` (
  `id_task` int(11) NOT NULL,
  `id_taller` int(11) NOT NULL,
  `id_sucursales` int(11) NOT NULL,
  `auto_marca` varchar(20) NOT NULL,
  `auto_placa` varchar(20) NOT NULL,
  `id_tipodetrabajo` int(11) NOT NULL,
  `km_auto` int(11) NOT NULL,
  `id_estado` int(11) NOT NULL,
  `id_usuario` int(11) NOT NULL,
  `task_comments` varchar(300) NOT NULL,
  `task_begin` date NOT NULL,
  `task_end` date NOT NULL,
  `task_contact` varchar(100) NOT NULL,
  `task_telf` varchar(50) NOT NULL,
  `task_correo` varchar(50) NOT NULL
) ENGINE=InnoDB AUTO_INCREMENT=18 DEFAULT CHARSET=utf8;

--
-- Volcado de datos para la tabla `tasks`
--

INSERT INTO `tasks` (`id_task`, `id_taller`, `id_sucursales`, `auto_marca`, `auto_placa`, `id_tipodetrabajo`, `km_auto`, `id_estado`, `id_usuario`, `task_comments`, `task_begin`, `task_end`, `task_contact`, `task_telf`, `task_correo`) VALUES
(1, 1, 2, '19', '8', 1, 231432, 4, 86, '', '0000-00-00', '0000-00-00', '', '', ''),
(2, 1, 1, '21', '19', 1, 444, 3, 86, '', '0000-00-00', '2015-07-24', '', '', ''),
(3, 1, 1, 'chevrolet', '19', 1, 111, 2, 86, '', '0000-00-00', '2015-07-25', 'Pepe Pancho', '843989993', ''),
(4, 1, 2, '8', '8', 1, 999, 3, 86, 'trabajo', '2015-07-24', '2015-07-25', '', '', ''),
(5, 1, 1, 'dsaf', '8', 1, 12321, 2, 86, 'kjdsafkjdsashkdsaf', '2015-07-25', '2015-07-25', '', '', ''),
(6, 1, 1, 'dsaf', '8', 1, 1324, 1, 86, 'dasfasfsa', '2015-07-25', '2015-07-25', '', '', ''),
(7, 1, 1, 'patcar', '18', 1, 3241, 2, 86, '32r32', '2015-07-25', '2015-07-25', '', '', ''),
(8, 1, 1, 'dsaf', '8', 1, 32412, 2, 86, 'dasfsa', '0000-00-00', '2015-07-25', '', '', ''),
(9, 1, 1, '', '8', 1, 132321, 2, 0, 'dasf', '0000-00-00', '0000-00-00', '', '', ''),
(10, 1, 2, 'dsaf', '8', 1, 2312, 2, 86, 'dafs', '0000-00-00', '2015-07-25', '', '', ''),
(11, 1, 2, 'chevrolet', '8', 1, 3124, 2, 0, 'dasf', '2015-07-25', '0000-00-00', '', '', ''),
(12, 1, 1, '', '8', 1, 3214321, 2, 0, 'dasf', '0000-00-00', '0000-00-00', '', '', ''),
(13, 1, 1, '', '19', 1, 123, 1, 0, 'lkdsakjfas', '0000-00-00', '0000-00-00', '', '', ''),
(14, 1, 1, 'chevrolet', '19', 1, 213, 2, 0, '731287dsadsadhj', '2015-07-25', '0000-00-00', '', '', ''),
(15, 1, 1, 'chevrolet', '19', 1, 999000, 2, 86, '', '2015-07-25', '2015-07-25', '', '', ''),
(16, 1, 1, 'sadf', '18', 1, 888111, 2, 86, '', '2015-07-25', '0000-00-00', '', '', ''),
(17, 7, 8, 'Chekdask', '22', 3, 3214321, 3, 95, 'dadsf', '2015-07-25', '2015-07-25', 'annie', '343214', 'jkewjk');

-- --------------------------------------------------------

--
-- Estructura de tabla para la tabla `tipo_trabajos`
--

CREATE TABLE IF NOT EXISTS `tipo_trabajos` (
  `id_tipotrabajos` int(11) NOT NULL,
  `id_taller` int(11) NOT NULL,
  `nombre_trabajo` varchar(50) NOT NULL,
  `trabajo_activo` tinyint(1) NOT NULL,
  `precio_trabajo` int(11) NOT NULL,
  `comentarios_trabajo` varchar(300) NOT NULL
) ENGINE=InnoDB AUTO_INCREMENT=4 DEFAULT CHARSET=utf8;

--
-- Volcado de datos para la tabla `tipo_trabajos`
--

INSERT INTO `tipo_trabajos` (`id_tipotrabajos`, `id_taller`, `nombre_trabajo`, `trabajo_activo`, `precio_trabajo`, `comentarios_trabajo`) VALUES
(1, 1, 'Cambio de aceite', 1, 20, 'Cambio de aceite '),
(2, 3, 'Lavado auto pequeño', 0, 5, 'Lavado'),
(3, 7, 'Cambio de frenos', 1, 50, 'frenos');

-- --------------------------------------------------------

--
-- Estructura de tabla para la tabla `usuarios`
--

CREATE TABLE IF NOT EXISTS `usuarios` (
  `id_usuarios` int(11) NOT NULL,
  `id_taller` int(11) NOT NULL,
  `id_sucursales` int(11) NOT NULL,
  `usuario_nombres` varchar(100) NOT NULL,
  `usuario_usuario` varchar(10) NOT NULL,
  `usuario_password` varchar(50) NOT NULL,
  `usuario_perfil` varchar(15) NOT NULL,
  `usuario_mail` varchar(45) NOT NULL,
  `usuario_telf` varchar(45) NOT NULL
) ENGINE=InnoDB AUTO_INCREMENT=97 DEFAULT CHARSET=utf8;

--
-- Volcado de datos para la tabla `usuarios`
--

INSERT INTO `usuarios` (`id_usuarios`, `id_taller`, `id_sucursales`, `usuario_nombres`, `usuario_usuario`, `usuario_password`, `usuario_perfil`, `usuario_mail`, `usuario_telf`) VALUES
(1, 4, 0, 'Administrador general', 'admin', 'd033e22ae348aeb5660fc2140aec35850c4da997', 'admin', 'usuario@mail.com', '111'),
(2, 1, 0, 'Dueño taller sur', 'juan', 'b49a5780a99ea81284fc0746a78f84a30e4d5c73', 'owner', 'user@gmail.com', '222'),
(4, 2, 0, 'Dueño taller norte', 'pedro', '04c158e2091c42d6816cc5f423c770786987f779', 'owner', 'dssafqdfs@dsafo.com', '23124'),
(58, 5, 0, 'Dueño cumbaya.', 'cumbaya', '9de23c9f6220278bc852514aa32f76dee6146637', 'owner', 'mail@mail.con', '123412'),
(63, 5, 5, 'cumb', 'cumb', 'd920cddfa4e43c086639f7561af7b880ad267724', 'worker', 'mail@mail.com', '3124321'),
(64, 2, 3, 'mateo', 'mateo', 'cc7c5be316e48d137cbb549833b85d91034d799d', 'worker', 'dasf', 'dasf'),
(65, 1, 1, 'sur1', 'sur1', '3d54fd66df56b29b98f5b3fb74890e24318f663d', 'worker', 'dasf', 'dsaf'),
(66, 1, 2, 'sur 2', 'sur2', '3d54fd66df56b29b98f5b3fb74890e24318f663d', 'worker', 'dsafkj', 'dasfkj'),
(83, 7, 0, 'Pato', 'pato', '269cb45d944e48836d6e92d5f74ea339807882af', 'owner', 'dasfa', 'dasfdas'),
(84, 7, 7, 'Conocoto1', 'con1', 'b1f6e510eb0f015b9d2bd5b22764cd95ae00d908', 'worker', 'condaskj', 'dsakjdfa'),
(85, 3, 6, 'centro', 'centro', '69794b478395e635b5eaa380785ddde1b1c3e949', 'worker', 'dsfkj', 'dsfakj'),
(86, 1, 1, 'otro empleado', 'user', '12dea96fec20593566ab75692c9949596833adc9', 'worker', 'dasfj', 'dfakjl'),
(91, 2, 4, 'Pepe Juan', '3214613426', '', 'car_owner', 'dsafdsahj1', 'dsjf'),
(92, 1, 1, 'Juan Pancho', '3214312', '', 'car_owner', 'dasfdsa', 'dsafds'),
(93, 1, 1, 'Pepe Cruz', '32241', '', 'car_owner', 'dsaf', '3124'),
(94, 1, 0, 'Pato GH', '1718213487', '', 'car_owner', '', ''),
(95, 7, 8, 'silvia', 'silvia', '8cfe41fa5fb22b0337ac8905767f3c199f43e640', 'worker', '', ''),
(96, 7, 0, 'Esteban ', '1821983127', '', 'car_owner', '', '');

--
-- Índices para tablas volcadas
--

--
-- Indices de la tabla `autos`
--
ALTER TABLE `autos`
  ADD PRIMARY KEY (`id_auto`);

--
-- Indices de la tabla `ci_sessions`
--
ALTER TABLE `ci_sessions`
  ADD PRIMARY KEY (`id`), ADD KEY `ci_sessions_timestamp` (`timestamp`);

--
-- Indices de la tabla `estados`
--
ALTER TABLE `estados`
  ADD PRIMARY KEY (`id_estados`);

--
-- Indices de la tabla `sucursales`
--
ALTER TABLE `sucursales`
  ADD PRIMARY KEY (`id_sucursales`), ADD KEY `fk_sucursales_talleres_idx` (`id_taller`);

--
-- Indices de la tabla `talleres`
--
ALTER TABLE `talleres`
  ADD PRIMARY KEY (`id_taller`);

--
-- Indices de la tabla `tasks`
--
ALTER TABLE `tasks`
  ADD PRIMARY KEY (`id_task`);

--
-- Indices de la tabla `tipo_trabajos`
--
ALTER TABLE `tipo_trabajos`
  ADD PRIMARY KEY (`id_tipotrabajos`);

--
-- Indices de la tabla `usuarios`
--
ALTER TABLE `usuarios`
  ADD PRIMARY KEY (`id_usuarios`), ADD KEY `fk_usuarios_talleres1_idx` (`id_taller`), ADD KEY `usuario_nombres` (`usuario_nombres`);

--
-- AUTO_INCREMENT de las tablas volcadas
--

--
-- AUTO_INCREMENT de la tabla `autos`
--
ALTER TABLE `autos`
  MODIFY `id_auto` int(11) NOT NULL AUTO_INCREMENT,AUTO_INCREMENT=23;
--
-- AUTO_INCREMENT de la tabla `estados`
--
ALTER TABLE `estados`
  MODIFY `id_estados` int(11) NOT NULL AUTO_INCREMENT,AUTO_INCREMENT=5;
--
-- AUTO_INCREMENT de la tabla `sucursales`
--
ALTER TABLE `sucursales`
  MODIFY `id_sucursales` int(11) NOT NULL AUTO_INCREMENT,AUTO_INCREMENT=9;
--
-- AUTO_INCREMENT de la tabla `talleres`
--
ALTER TABLE `talleres`
  MODIFY `id_taller` int(11) NOT NULL AUTO_INCREMENT,AUTO_INCREMENT=8;
--
-- AUTO_INCREMENT de la tabla `tasks`
--
ALTER TABLE `tasks`
  MODIFY `id_task` int(11) NOT NULL AUTO_INCREMENT,AUTO_INCREMENT=18;
--
-- AUTO_INCREMENT de la tabla `tipo_trabajos`
--
ALTER TABLE `tipo_trabajos`
  MODIFY `id_tipotrabajos` int(11) NOT NULL AUTO_INCREMENT,AUTO_INCREMENT=4;
--
-- AUTO_INCREMENT de la tabla `usuarios`
--
ALTER TABLE `usuarios`
  MODIFY `id_usuarios` int(11) NOT NULL AUTO_INCREMENT,AUTO_INCREMENT=97;
--
-- Restricciones para tablas volcadas
--

--
-- Filtros para la tabla `sucursales`
--
ALTER TABLE `sucursales`
ADD CONSTRAINT `fk_sucursales_talleres` FOREIGN KEY (`id_taller`) REFERENCES `talleres` (`id_taller`) ON DELETE NO ACTION ON UPDATE NO ACTION;

--
-- Filtros para la tabla `usuarios`
--
ALTER TABLE `usuarios`
ADD CONSTRAINT `fk_usuarios_talleres1` FOREIGN KEY (`id_taller`) REFERENCES `talleres` (`id_taller`) ON DELETE NO ACTION ON UPDATE NO ACTION;

/*!40101 SET CHARACTER_SET_CLIENT=@OLD_CHARACTER_SET_CLIENT */;
/*!40101 SET CHARACTER_SET_RESULTS=@OLD_CHARACTER_SET_RESULTS */;
/*!40101 SET COLLATION_CONNECTION=@OLD_COLLATION_CONNECTION */;
